w_div,h_div,execution_time
1,1,7478.666667
2,1,4563.000000
1,2,4442.666667
2,2,3878.666667
4,4,3268.666667
8,8,4306.000000
128,128,4305.666667
256,256,N/A
